{
     "Airport_Commerce_LS_#_10": [
          -93.36755,
          37.2144
     ],
     "Airport_Springfield_(KSGF)": [
          -93.3969214,
          37.2385712
     ],
     "Airport_West_Lift_Station_16": [
          -93.40875,
          37.25237
     ],
     "AT&T_Communications": [
          -93.16342,
          37.19879
     ],
     "Bingham_Elementary_School": [
          -93.2537017,
          37.2029041
     ],
     "Blackman_Intake_@_James_River": [
          -93.19589,
          37.15612
     ],
     "Cherokee_Middle_School": [
          -93.2906139,
          37.1173644
     ],
     "Disney_Elementary_School": [
          -93.2714261,
          37.1398159
     ],
     "English_Village_LS-08": [
          -93.29888,
          37.08385
     ],
     "Field_Elementary_School": [
          -93.2558455,
          37.1629047
     ],
     "Fire_Station_#1": [
          -93.284743,
          37.196499
     ],
     "Hiland_Dairy_LS-02": [
          -93.27554,
          37.2398
     ],
     "James_River_Rain_Gauge": [
          -93.32017,
          37.10575
     ],
     "Jefferies_Elementary_School": [
          -93.3354626,
          37.1406135
     ],
     "Le_Compte_Lift_Station": [
          -93.21237,
          37.24253
     ],
     "Mark_Twain_Elementary_School": [
          -93.3055947,
          37.1725964
     ],
     "Millwood_Maintenance_Bldg": [
          -93.21031,
          37.09699
     ],
     "NW_Treatment_Plant": [
          -93.33598,
          37.28188
     ],
     "Pittman_Elementary_School": [
          -93.2545,
          37.20304
     ],
     "Pleasant_View_Middle_School": [
          -93.24969,
          37.29593
     ],
     "Republic_High_School": [
          -93.4141114,
          37.137143
     ],
     "River_Bluff_Fellowship_Church": [
          -93.2444684,
          37.1049355
     ],
     "Roundtree_Lift_Station_4": [
          -93.36618,
          37.13751
     ],
     "Rutledge_Wilson": [
          -93.36208,
          37.18895
     ],
     "Sequiota_Elementary_School": [
          -93.230547,
          37.1503712
     ],
     "Shady_Dell_Elementary_School": [
          -93.2390959,
          37.2248953
     ],
     "Sherwood_Elementary_School": [
          -93.3397174,
          37.1689751
     ],
     "Strafford_High_School": [
          -93.1189582,
          37.2710931
     ],
     "Sunshine_Elementary_School": [
          -93.2896533,
          37.1828651
     ],
     "Valley_Water_Mill_Equestrian": [
          -93.25082,
          37.28858
     ],
     "Waste_Water_Operations": [
          -93.30163,
          37.2141
     ],
     "Weller_Elementary_School": [
          -93.2679324,
          37.2279739
     ],
     "Westport_Elementary_School": [
          -93.3396007,
          37.2075169
     ],
     "Willard_Community_Center": [
          -93.4346044,
          37.3092205
     ],
     "Willard_Intermediate_School_South": [
          -93.373257,
          37.2033438
     ],
     "Williams_Elementary_School": [
          -93.3207857,
          37.2416237
     ]
}